,calories,protein,fat,sodium,fiber,carbo,sugars,potass,vitamins,shelf,weight,cups,rating
72,110,2,1,250,0.0,21.0,3,60,25,3,1.0,0.75,39.106174
49,140,3,2,220,3.0,21.0,7,130,25,3,1.33,0.67,40.69232
0,70,4,1,130,10.0,5.0,6,280,25,3,1.0,0.33,68.402973
52,120,3,1,200,6.0,11.0,14,260,25,3,1.33,0.67,37.840594
62,110,2,0,290,0.0,22.0,3,35,25,1,1.0,1.0,40.560159
7,130,3,2,210,2.0,18.0,8,100,25,3,1.33,0.75,37.038562
75,100,3,1,200,3.0,17.0,3,110,25,1,1.0,1.0,51.592193
37,110,1,0,180,0.0,14.0,11,35,25,1,1.0,1.33,28.742414
